{"cameraMode":{"drawMode":0,"name":"Shaded","section":"Shading Mode"},"sceneLighting":true,"audioPlay":false,"sceneViewState":{"showFog":true,"showMaterialUpdate":false,"showSkybox":true,"showFlares":true,"showImageEffects":true,"showParticleSystems":true},"in2DMode":false,"pivot":{"x":0.2813071012496948,"y":0.2581336498260498,"z":0.9169682264328003},"rotation":{"x":-0.22534163296222688,"y":0.7461418509483337,"z":-0.30828505754470827,"w":-0.5453948378562927},"size":0.9669243693351746,"orthographic":false}